<application>
  <component name="PostfixTemplates">
    <template id="dp@userDefined" key=".dp" provider="builtin.java" language-level="8" topmost="true">
      <conditions>
        <condition id="number" />
      </conditions>
      <template name="fakeKey" value="int[] dp=new int[$EXPR$];&#10;" toReformat="true" toShortenFQNames="true" useStaticImport="true" />
    </template>
    <template id="toInt@userDefined" key=".toInt" provider="builtin.java" language-level="8" topmost="false">
      <conditions>
        <condition id="fqn" fqn="java.lang.String" />
      </conditions>
      <template name="fakeKey" value="Integer.parseInt($EXPR$);" description="" toReformat="true" toShortenFQNames="true" />
    </template>
  </component>
</application>