<application>
  <component name="AppStorage">
    <option name="newTranslationDialogCollapseDictViewer" value="false" />
    <option name="newTranslationDialogHeight" value="437" />
    <option name="newTranslationDialogX" value="1181" />
    <option name="newTranslationDialogY" value="181" />
    <histories>
      <item value="相同" />
      <item value="s" />
      <item value="Refactor the code so this stream pipeline is used." />
      <item value="org.springframework.dao.QueryTimeoutException: Redis command timed out; nested exception is io.lettuce.core.RedisCommandTimeoutException: Command timed out after 2 second(s)" />
      <item value="Immediately return this expression instead of assigning it to the temporary variable &quot;allOrganTree&quot;." />
      <item value="Required" />
      <item value="java" />
      <item value="Illegal DefaultValue for parameter type integer" />
      <item value="Illegal DefaultValue null for parameter type integer" />
      <item value="For input string: &quot;&quot;" />
      <item value="Given final block not properly padded. Such issues can arise if a bad key is used during decryption." />
      <item value="fail" />
      <item value="fau" />
      <item value="所属省份" />
      <item value="suo shu" />
      <item value="process Request List" />
      <item value="parameters List" />
      <item value="parameters" />
      <item value="element cannot be mapped to a null key" />
      <item value="Original documentation:" />
      <item value="Location of MyBatis xml config file." />
      <item value="The bean '{sinog2c.server.data:base-data}.FeignClientSpecification' could not be registered. A bean with that name has already been defined and overriding is disabled." />
      <item value="Consider renaming one of the beans or enabling overriding by setting spring.main.allow-bean-definition-overriding=true" />
      <item value="second&#10;" />
      <item value="sign" />
      <item value="Illegal embedded sign character" />
      <item value="amount" />
      <item value="a" />
      <item value="o" />
      <item value="aount" />
      <item value="amout" />
      <item value="Log destination 192.168.1.204:9601: connection failed. java.net.ConnectException: Connection refused (Connection refused)" />
      <item value="dependency expressed through field 'dbService'; nested exception is org.springframework.beans.factory.UnsatisfiedDependencyException: Error creating bean with name 'dbService': Unsatisfied dependency expressed through field 'baseDataFeign'; nested exception is org.springframework.beans.factory.BeanCreationException: Error creating bean with name 'com.sinog2c.base.common.fegin.BaseDataFeign': FactoryBean threw exception on object creation; nested exception is org.springframework.beans.factory.UnsatisfiedDependencyException: Error creating bean with name 'sinog2cFeignConfig': Unsatisfied dependency expressed through field 'authUtils'; nested exception is org.springframework.beans.factory.BeanCreationException: Error creating bean with name 'com.sinog2c.base.common.auth.AuthUtils': Injection of autowired dependencies failed; nested exception is java.lang.IllegalArgumentException: Could not resolve placeholder 'sinog2c.base.auth.clientSecret' in value &quot;{sinog2c.base.auth.clientSecret}&quot;" />
      <item value="placeholder" />
      <item value="conflicts" />
      <item value="Can't assign requested address" />
      <item value="assign" />
      <item value="[NACOS HTTP-GET] The maximum number of tolerable server reconnection errors has been reached" />
      <item value="Matrix" />
      <item value="Add a nested comment explaining why this method is empty, throw an UnsupportedOperationException or complete the implementation." />
      <item value="Remove this redundant jump." />
      <item value="Refactor this method to reduce its Cognitive Complexity from 18 to the 15 allowed." />
      <item value="[ERROR] Failed to execute goal on project base-common: Could not resolve dependencies for project com.sinog2c.base:base-common:jar:1.0.0-SNAPSHOT: com.kingbase8:kingbase8:jar:8.6.0 was not found in https://maven.aliyun.com/repository/public during a previous attempt. This failure was cached in the local repository and resolution is not reattempted until the update interval of aliyunmaven has elapsed or updates are forced -&gt; [Help 1]&#10;[ERROR] &#10;[ERROR] To see the full stack trace of the errors, re-run Maven with the -e switch.&#10;[ERROR] Re-run Maven using the -X switch to enable full debug logging.&#10;[ERROR] &#10;[ERROR] For more information about the errors and possible solutions, please read the following articles:&#10;[ERROR] [Help 1] http://cwiki.apache.org/confluence/display/MAVEN/DependencyResolutionException&#10;[ERROR] &#10;[ERROR] After correcting the problems, you can resume the build with the command&#10;[ERROR]   mvn &lt;args&gt; -rf :base-common&#10;" />
      <item value="[ERROR] [ERROR] Some problems were encountered while processing the POMs:&#10;[FATAL] Non-resolvable parent POM for com.sinog2c.base:base-starter-aop:1.0.0-SNAPSHOT: Could not find artifact com.sinog2c.base:base-parent:pom:1.0.0-SNAPSHOT and 'parent.relativePath' points at no local POM @ line 5, column 13&#10;" />
      <item value="tenant" />
      <item value="fluent" />
      <item value="Custom&#10;" />
      <item value="it User" />
      <item value="itUser" />
      <item value="SnowFlake" />
    </histories>
    <option name="languageScores">
      <map>
        <entry key="CHINESE" value="257" />
        <entry key="ENGLISH" value="257" />
        <entry key="SLOVENIAN" value="1" />
      </map>
    </option>
  </component>
  <component name="Cache">
    <option name="lastTrimTime" value="1652238889875" />
  </component>
</application>